Title,Views,Comments,Likes
一生モノの打鍵感！所有欲を満たす高級キーボード6選,12686,0,19
乾燥するオフィスの救世主！高機能卓上加湿器8選,1618,0,3
デスクを格上げする！おしゃれで高性能なプレミアムキーボード7選,359,0,3
静音性の高いマウス・トラックボール７選,301,0,6
会議を自動で議事録化！AI文字起こし・要約ガジェット5選,277,0,3
リモートワークの生産性爆上げ！左手デバイス・マクロパッド6選,266,0,13
自宅カフェを格上げ！おすすめコーヒーメーカー7選,185,0,5
デュアルディスプレイ化を実現するモバイルモニター７選,183,0,4
出先作業が快適になるモバイルガジェット６選,156,0,7
Apple Watchだけじゃない！コスパ最強スマートウォッチ8選,139,0,6
会議も講義も高音質で記録！おすすめボイスレコーダー6選,126,0,4
電源周りをスッキリさせる配線整理ガジェット７選,125,0,9
家でも職場でも使えるワイヤレスイヤホン６選,122,0,3
スマホ撮影をプロ級に！必携カメラガジェット６選,116,0,5
机上スペースを有効活用する収納ガジェット7選,106,0,6
Apple Watchより快適？睡眠・健康管理にも最適なスマートリング6選,105,0,9
声を美しく届ける！配信者必見の高音質マイク6選,97,0,5
集中力を高める作業環境向上アイテム６選,93,0,4
作業がサクサク進む！生産性を高めるタイマー６選,90,0,5
在宅ワークを効率化するデスク周辺アイテム６選,73,0,5
ケーブル1本で環境激変！多機能ドッキングステーション７選,73,0,4
在宅勤務の運動不足対策！デスク周りで使える機器7選,68,0,12
動画編集が爆速化！作業効率を劇的に上げる「高性能周辺機器」6選,66,0,8
自宅をスマートオフィス化するIoTガジェット７選,61,0,11
ハイブリッドワークに最適な持ち運びPCスタンド７選,58,0,6
長時間デスクワークの味方！姿勢改善エルゴノミクス製品６選,57,0,4
手元で操作が完結するスマートコントローラー７選,57,0,9
高音質で集中できるノイズキャンセリングヘッドホン６選,56,0,2
仕事も勉強もはかどる！目に優しいデスクライトおすすめ６選,55,0,3
リモート会議の質を上げるオンラインミーティングデバイス６選,54,0,3
姿勢が変われば仕事も変わる！長時間デスクワーク向けPCチェア７選,52,0,3
デスクワークの疲れを即解消！手軽に使えるマッサージガジェット9選,50,0,4
年末年始の暇つぶしに！動画視聴が快適なタブレット6選,48,0,6
集中時間を記録・可視化！作業管理ガジェット6選,43,0,5
キャンプ・車中泊・災害対策に！軽量ポータブル電源７選,40,0,6
ぐっすり眠れる！睡眠の質を劇的に上げるナイトガジェット6選,39,0,1
ワークカフェで活躍するノイズ対策ガジェット７選,38,0,3
小型スピーカーで作業BGMを楽しむアイテム５選,35,0,6
寒い冬を乗り切る！デスク周りで使える暖房ガジェット8選,35,0,3
コスパ最強！5万円以下で買える27インチデスクワーク向けモニター9選,33,0,2
床掃除から解放される！おすすめ掃除ロボット７選,32,0,2
【Amazon スマイルセール】10,000円以下で購入できる割引率の高いAnker人気製品10選,31,0,4
PC内部もキーボードも一掃！強力電動エアダスター6選,31,0,3
帰省ラッシュも快適！最強ノイズキャンセリングイヤホン7選,29,0,3
在宅ワーカー必見！キーボード掃除が捗るハンディクリーナー6選,28,0,5
ポート不足を解消！外出先で役立つUSBハブ７選,27,0,5
デスクの配線地獄を解消！おすすめケーブルボックス7選,24,0,4
配線ごちゃごちゃを解消！PC周りがスッキリするケーブルホルダー7選,18,0,2
書類の山を一掃！デスクで使える高速スキャナー6選,13,0,3
部屋が一瞬で映画館！4K対応プロジェクター6選,6,0,3
手持ち不要！帰省の移動で使えるMagSafe対応スマホホルダー7選,3,0,2
